Bloco,R2,R2_ajustado,F,p_F,n_params
Pais,0.3237439173605017,0.3235052106599583,1356.2414319476497,0.0,5
Experiencia,0.11332012225797938,0.11325754339724514,1810.8370930466388,0.0,1
Nivel_exp,0.07937052423960045,0.07924056525092726,610.7351638387715,3.777970358206312e-255,2
Linguagens (top5),0.010471304596390452,0.010122018081952122,29.979126486548484,2.0512263547597353e-30,5
Escolaridade,0.009978180225536981,0.00962871964672496,28.55309248172522,6.508578998331617e-29,5
DevType,0.00703030930517079,0.006749928198098942,25.074119217918923,1.0079999516347912e-20,4
